segments,from_plain_text
journal,True
thomsonreuters,True
SoK,True
Visit,True
golf,True
brookings,True
choice,True
taO,True
51,True
Keto,True
RyE,True
wiR,True
WAT,True
yAr,True
Bra,True
FIB,True
hUNg,True
62,True
pET,True
reorders,True
Saved,True
aSS,True
zoA,True
twa,True
AD,True
pAl,True
INSTANT,True
diTe,True
VERI,True
SoN,True
with,True
dupe,True
alF,True
CD,True
MUID,True
Pua,True
fan,True
Existing,True
hAg,True
now,True
Yer,True
style,True
mY,True
Ni,True
ilL,True
ming,True
Hup,True
laM,True
cLv,True
Next,True
toA,True
Nether,True
ASE,True
continent,True
wey,True
ma,True
weR,True
hYP,True
iYO,True
jut,True
Groups,True
PAD,True
PIt,True
gay,True
lAD,True
Ach,True
kiln,True
all,True
oracle,True
Price,True
js,True
pRef,True
kOR,True
Sari,True
ewe,True
PoND,True
Long,True
Zar,True
BAY,True
OLD,True
dAk,True
vei,True
bAS,True
susi,True
COP,True
zA,True
APP,True
SAA,True
30,True
FLARE,True
HOw,True
ALP,True
na,True
duD,True
shE,True
restricted,True
unknown,True
noN,True
eU,True
tEER,True
neb,True
Bed,True
pUb,True
ZAd,True
HO,True
ura,True
gEy,True
WEr,True
PRIVACY,True
login,True
Xp,True
who,True
HAy,True
cOz,True
teZ,True
caiman,True
FOe,True
cnbc,True
goodhousekeeping,True
wid,True
NIB,True
Poy,True
tal,True
UG,True
Key,True
quant,True
hIT,True
DOD,True
Anon,True
Sec,True
cL,True
Wo,True
lAm,True
mEW,True
gif,True
GOOGLE,True
Che,True
fr,True
STATELESS,True
XP,True
FA,True
code,True
lYs,True
aDe,True
guY,True
dIb,True
DuB,True
apnews,True
doR,True
koP,True
fastcompany,True
distinct,True
iframe,True
lUX,True
YEw,True
AAl,True
tEe,True
DA,True
fAt,True
fandom,True
UMe,True
hERd,True
YOR,True
fRO,True
GiE,True
tenant,True
Obi,True
prominence,True
180,True
BENA,True
VUg,True
FE,True
alert,True
PET,True
ger,True
tai,True
referral,True
biEn,True
neighborhood,True
cox,True
uRA,True
scope,True
MOu,True
dIp,True
ur,True
Do,True
HeM,True
heavy,True
van,True
tRi,True
Pi,True
YoM,True
Ra,True
nejm,True
sRC,True
bAT,True
Lev,True
CiG,True
xi,True
TURB,True
zz,True
proto,True
fib,True
N4,True
YAs,True
rUn,True
Tab,True
sPy,True
meta,True
Tod,True
EgO,True
foy,True
ouT,True
gal,True
kyL,True
Cx,True
19,True
center,True
REE,True
NEW,True
DAE,True
2K,True
MAe,True
yes,True
OlD,True
node,True
Safari,True
suid,True
SaO,True
web,True
Am,True
v5,True
canva,True
DOp,True
koU,True
toy,True
info,True
fly,True
rot,True
perform,True
wHeE,True
personalize,True
91,True
gOy,True
WUp,True
variant,True
psT,True
sOW,True
FRy,True
mau,True
DiT,True
BEs,True
LEk,True
iS,True
Set,True
sap,True
fEu,True
qua,True
die,True
leg,True
wiS,True
gIb,True
wud,True
Button,True
yUh,True
semantic,True
YAn,True
tOlT,True
pSI,True
Central,True
ONS,True
edit,True
PASSWORD,True
live,True
luX,True
Segment,True
jS,True
big,True
gER,True
raw,True
lug,True
Account,True
woPS,True
dis,True
dip,True
AIm,True
SIt,True
Yr,True
145,True
DELETE,True
tABU,True
gAd,True
Pad,True
PuL,True
usage,True
Nee,True
yUH,True
Bor,True
hOw,True
per,True
pOY,True
Headline,True
Desk,True
pega,True
yew,True
KHU,True
PyIn,True
surfer,True
nID,True
summary,True
ho,True
experience,True
Apple,True
Au,True
Persist,True
yEp,True
links,True
shown,True
show,True
ILX,True
ask,True
mala,True
jEep,True
usgs,True
Di,True
naV,True
gut,True
IFe,True
45,True
dor,True
adobe,True
Consumer,True
De,True
81,True
hOT,True
eu,True
MaD,True
TEa,True
SOL,True
interact,True
doc,True
fAR,True
cUR,True
FiG,True
dO,True
preferences,True
tapa,True
sok,True
wow,True
GOy,True
triple,True
roll,True
KeB,True
SHy,True
Ay,True
PPC,True
cha,True
hEt,True
DLl,True
oSE,True
Flog,True
fabric,True
peE,True
CaL,True
cancer,True
yeN,True
BUY,True
amI,True
WRo,True
LAM,True
Group,True
iN,True
aLTeR,True
KeA,True
tRI,True
permanent,True
WaRK,True
ton,True
expire,True
110,True
uMU,True
Mojo,True
TOE,True
Om,True
SUN,True
Direct,True
TUp,True
tAW,True
United,True
AWA,True
Removed,True
EeL,True
OIme,True
pOH,True
cuR,True
statcounter,True
mOY,True
paD,True
ach,True
addA,True
temp,True
hash,True
agA,True
strictly,True
Hap,True
nON,True
Package,True
square,True
,True
DEAR,True
City,True
sIb,True
SkI,True
Production,True
nEe,True
Views,True
volume,True
BUn,True
Swa,True
analytical,True
Hen,True
bae,True
EXISTING,True
oD,True
Sir,True
features,True
GEE,True
PageFul,True
BOp,True
EX,True
tri,True
Ser,True
wer,True
st,True
ZAg,True
SuE,True
beta,True
buY,True
IS,True
TUN,True
vendor,True
unruly,True
HoiN,True
sauT,True
Teju,True
hAcK,True
WOg,True
Lat,True
Mum,True
jIb,True
CREATIVE,True
entry,True
35,True
Times,True
tOg,True
BAUl,True
ZAk,True
OAR,True
kiBe,True
Shi,True
bRA,True
lytic,True
Ged,True
not,True
bOY,True
EH,True
SCAt,True
RiP,True
Lye,True
AR,True
HOST,True
narKy,True
SuNe,True
Level,True
cOn,True
img,True
sess,True
TRA,True
SUBMIT,True
UN,True
aeS,True
PlS,True
rho,True
personal,True
wHO,True
ADO,True
SHOW,True
WiG,True
buttons,True
SAL,True
AMy,True
WAb,True
sHi,True
jAIL,True
cdc,True
Less,True
thAW,True
nasdaq,True
Standard,True
mOu,True
Member,True
mob,True
dAB,True
sH,True
KwAN,True
vox,True
wis,True
button,True
dAK,True
reh,True
amin,True
NEO,True
theatlantic,True
weN,True
LUM,True
QUA,True
tORn,True
Kip,True
WOY,True
50,True
ISm,True
Pom,True
FUNCTIONAL,True
latitude,True
YeW,True
10,True
gAT,True
gIO,True
rank,True
wOw,True
Pix,True
Sop,True
kaSM,True
knet,True
v0,True
color,True
aE,True
Nig,True
link,True
yM,True
kef,True
Score,True
folder,True
DoM,True
Aba,True
sIR,True
american,True
ANA,True
dark,True
RUx,True
keb,True
kOa,True
SAx,True
operator,True
amazon,True
JoT,True
DEe,True
Eel,True
MAt,True
Vendor,True
nU,True
EM,True
LieD,True
AVO,True
cloudy,True
tod,True
IF,True
tedge,True
Twa,True
tab,True
xp,True
sA,True
custom,True
FOUND,True
Tup,True
ZA,True
gON,True
TaPa,True
blank,True
MA,True
The,True
Websites,True
vIA,True
jOT,True
wAG,True
huG,True
sorted,True
ROt,True
GYp,True
Nat,True
changed,True
pYr,True
JA,True
Adobe,True
cnet,True
tutorial,True
Gol,True
tart,True
happy,True
TU,True
wapp,True
iSM,True
shI,True
Khu,True
guest,True
toO,True
TUng,True
Yex,True
cURb,True
other,True
AL,True
JeD,True
invalidate,True
gUt,True
Helper,True
vanityfair,True
Organization,True
Zax,True
nymag,True
Unit,True
bbb,True
CLX,True
Ean,True
AWn,True
LAN,True
SO,True
AWE,True
MO,True
GEO,True
dID,True
propensity,True
Hey,True
Fen,True
92,True
pT,True
kip,True
iCo,True
wall,True
hAn,True
tAE,True
content,True
sET,True
MAL,True
MEN,True
MOU,True
variety,True
discontinued,True
SOK,True
barnesandnoble,True
gOY,True
404,True
left,True
light,True
yat,True
mAo,True
reset,True
holdout,True
jEt,True
billboard,True
ioN,True
Phone,True
tWa,True
Portfolio,True
thus,True
mIM,True
PyR,True
lo,True
LOGIN,True
cosmopolitan,True
Tog,True
ZEE,True
mute,True
ann,True
share,True
WHUP,True
gaG,True
FId,True
17,True
Url,True
pOW,True
target,True
mock,True
9TH,True
insight,True
page,True
aFT,True
ARil,True
KeP,True
eer,True
500,True
muM,True
aLb,True
Locale,True
pi,True
rollingstone,True
NAN,True
tao,True
Cl,True
lat,True
livescience,True
fOb,True
CaG,True
Wid,True
neckar,True
ALSo,True
Google,True
index,True
Oh,True
MY,True
skill,True
buri,True
nEP,True
nI,True
pOi,True
exact,True
pik,True
Fur,True
bostonglobe,True
bAh,True
cV,True
digitaltrends,True
BEAD,True
PIN,True
horn,True
TidE,True
Lin,True
wog,True
roW,True
oaT,True
wag,True
33,True
dE,True
stationery,True
hOb,True
wye,True
Duo,True
Ala,True
PLOw,True
96,True
synchronized,True
pulse,True
sI,True
image,True
Goli,True
Saw,True
quantumdex,True
fay,True
RuT,True
load,True
VIe,True
jEFF,True
HuH,True
scat,True
CuB,True
COX,True
HafF,True
kEA,True
OE,True
NOB,True
hay,True
chrome,True
uP,True
nE,True
claim,True
Wad,True
dit,True
day,True
pAd,True
KEY,True
sPot,True
Bo,True
or,True
queue,True
Tal,True
RENaL,True
host,True
cHam,True
settings,True
Fu,True
year,True
tay,True
CUd,True
thedailybeast,True
Ait,True
grid,True
helpcheck,True
BY,True
LaB,True
PEd,True
user,True
icon,True
nOn,True
Ha,True
VOE,True
bES,True
naT,True
Vow,True
HoI,True
gEM,True
RusT,True
oFf,True
Connection,True
maAM,True
Hoy,True
family,True
iBA,True
tid,True
jiB,True
mat,True
AIT,True
ing,True
Reset,True
mashable,True
clarity,True
bars,True
jOE,True
card,True
oe,True
Pyx,True
fiP,True
SoP,True
azo,True
aYe,True
html,True
FiX,True
Tea,True
VEe,True
AVo,True
ISt,True
needed,True
Forms,True
paM,True
enhanced,True
jUTE,True
BrA,True
universal,True
Io,True
wo,True
TUn,True
pip,True
axios,True
WIs,True
94,True
gym,True
mAP,True
saM,True
rAS,True
4Th,True
lama,True
lAi,True
Country,True
TuI,True
feature,True
cee,True
hOe,True
YAh,True
EAn,True
Zig,True
JAW,True
so,True
paPa,True
Pap,True
linK,True
nAm,True
hAN,True
lid,True
wRY,True
Disease,True
po,True
soc,True
enabled,True
CaB,True
,True
Main,True
Way,True
registered,True
PIC,True
empty,True
ah,True
whirlpool,True
Tout,True
uLE,True
Clinical,True
ARm,True
DaS,True
Username,True
nonregistered,True
Age,True
managed,True
AbA,True
True,True
boundery,True
dot,True
DIn,True
cOp,True
lock,True
yo,True
WAKE,True
3rD,True
trial,True
typeahead,True
cob,True
gaD,True
piano,True
UT,True
board,True
have,True
website,True
IDEA,True
Interact,True
Rio,True
SEX,True
aWE,True
mPG,True
zED,True
log,True
regular,True
led,True
hit,True
explicit,True
line,True
VEX,True
CAm,True
CC,True
jap,True
bulk,True
production,True
ACh,True
perm,True
NIP,True
Read,True
ie,True
Kit,True
MID,True
business,True
nav,True
time,True
session,True
LAG,True
mobile,True
tIB,True
non,True
mAg,True
Dan,True
fry,True
DRY,True
sOl,True
Jam,True
CO,True
deleted,True
puG,True
nEO,True
adult,True
BAA,True
mUn,True
MUd,True
Zz,True
cv,True
VERSION,True
rob,True
SIc,True
Red,True
learning,True
boost,True
Disk,True
eX,True
tuR,True
gi,True
bucket,True
zIG,True
gin,True
tUKe,True
recommend,True
bE,True
TyrE,True
Rib,True
laS,True
ale,True
sIp,True
REl,True
limeN,True
FEZ,True
oPe,True
WAW,True
io,True
Ane,True
press,True
proa,True
gnu,True
dOP,True
Rub,True
laTe,True
redirect,True
nAv,True
life,True
sEC,True
livestream,True
ulU,True
cAMe,True
Moy,True
gaB,True
WED,True
red,True
ad,True
vAGe,True
Speed,True
iT,True
strad,True
KIN,True
jamanetwork,True
elT,True
uPS,True
tOD,True
Mel,True
User,True
thawte,True
oDe,True
libsyn,True
wIs,True
asp,True
buy,True
aL,True
prof,True
GYNe,True
BA,True
OnA,True
Jag,True
austral,True
latest,True
neE,True
landscape,True
coupon,True
wop,True
badge,True
tie,True
aLlY,True
dOb,True
zaX,True
jAm,True
pO,True
lead,True
nypost,True
Amy,True
jack,True
DaG,True
picture,True
POLITICO,True
Prod,True
yearly,True
Bon,True
vAs,True
OXER,True
wIN,True
giG,True
End,True
static,True
Password,True
aDy,True
GUz,True
aWD,True
tWat,True
uSh,True
heron,True
nhs,True
Ted,True
MUD,True
pref,True
ow,True
tIN,True
Ped,True
PEe,True
space,True
MEL,True
CYp,True
action,True
SIr,True
SEy,True
esquire,True
VISA,True
foodnetwork,True
navigation,True
hint,True
using,True
bEAL,True
euronews,True
sOk,True
zZ,True
VUm,True
WyE,True
landing,True
Mat,True
SAW,True
poM,True
needs,True
KAi,True
SUe,True
return,True
webex,True
ODD,True
eRr,True
42,True
vis,True
GumP,True
DAWN,True
mPg,True
rio,True
fOY,True
GuE,True
Buoy,True
ricin,True
Die,True
PINE,True
ut,True
ana,True
MId,True
Pup,True
KeF,True
KAy,True
WUP,True
abB,True
EA,True
ose,True
ups,True
lag,True
TOd,True
UnAu,True
ne,True
Profile,True
NAn,True
At,True
pro,True
oDA,True
expireD,True
EU,True
characteristic,True
coZ,True
Si,True
dim,True
university,True
editor,True
NoN,True
lAd,True
LOXIc,True
ROVING,True
snowplow,True
Ta,True
mUlK,True
defender,True
doN,True
rEE,True
kepI,True
CAM,True
lonelyplanet,True
tiP,True
wi,True
dEG,True
dAt,True
provided,True
ChA,True
aid,True
rAm,True
cog,True
seCh,True
bOba,True
Ba,True
buyer,True
buT,True
google,True
TAI,True
FI,True
Code,True
Qua,True
cat,True
2d,True
balancer,True
SI,True
fox,True
Vis,True
cos,True
Cot,True
OPt,True
YIn,True
KIP,True
Nix,True
contentsquare,True
linktr,True
Wilk,True
TRANK,True
gue,True
ouR,True
UVa,True
Od,True
tin,True
PoP,True
wUlL,True
lUE,True
dEn,True
Pub,True
38,True
EL,True
AwD,True
veT,True
Iso,True
PULI,True
NON,True
mIb,True
san,True
Pa,True
FIG,True
iNn,True
gOb,True
ZIng,True
drive,True
LYe,True
ire,True
ABA,True
20,True
dummy,True
Good,True
CiT,True
rA,True
zo,True
POOF,True
main,True
oW,True
Sat,True
client,True
SeA,True
Window,True
coft,True
wyE,True
Wir,True
check,True
end,True
GUEST,True
Vamp,True
170,True
intel,True
fLU,True
pLY,True
Wong,True
uRa,True
prospect,True
TeN,True
oxy,True
yoe,True
accenture,True
rAy,True
86,True
issue,True
ras,True
relic,True
profile,True
AgE,True
Rut,True
NuL,True
yield,True
BeE,True
STRONG,True
nAy,True
naE,True
abY,True
As,True
grown,True
stale,True
Cab,True
party,True
sign,True
Irk,True
gift,True
wAh,True
HeW,True
YAR,True
context,True
RUd,True
awe,True
dYE,True
Na,True
AT,True
sha,True
Vee,True
wERE,True
csdn,True
TUT,True
bac,True
Reg,True
yO,True
Public,True
CX,True
ULl,True
Gi,True
Raw,True
cReW,True
PUKE,True
cXV,True
release,True
JS,True
Hilt,True
uN,True
huffpost,True
iDiC,True
the,True
hUB,True
SOU,True
dLL,True
scraper,True
YAk,True
register,True
Sun,True
Cookies,True
elB,True
bOn,True
wAVe,True
Ly,True
ON,True
Ae,True
video,True
fao,True
CaR,True
Uta,True
works,True
co,True
ZOa,True
Dad,True
DATE,True
WOE,True
Bu,True
foP,True
OAr,True
uk,True
cRag,True
cached,True
sAw,True
TUm,True
ge,True
meW,True
Gee,True
FrO,True
visite,True
uM,True
ni,True
BOP,True
aD,True
cloud,True
taboola,True
chat,True
tWo,True
Co,True
OF,True
Gaz,True
sync,True
Os,True
LINKS,True
sec,True
DEB,True
KEa,True
tIl,True
koB,True
Exchange,True
COw,True
days,True
no,True
SlY,True
locale,True
york,True
giP,True
privacy,True
book,True
CODING,True
hEx,True
channel,True
QuIb,True
Fun,True
gad,True
task,True
IrK,True
Lag,True
pan,True
DiG,True
Cut,True
PEs,True
wEm,True
nAk,True
60,True
did,True
iC,True
local,True
EDea,True
neB,True
branding,True
WUD,True
folded,True
Tor,True
realm,True
sin,True
gEY,True
lEw,True
biS,True
setup,True
lists,True
old,True
rEX,True
bam,True
connect,True
IcE,True
confirmer,True
rONe,True
start,True
bEs,True
90,True
OD,True
CHe,True
sAP,True
ACE,True
EXe,True
iF,True
rEG,True
ar,True
play,True
cross,True
FAg,True
SHO,True
pst,True
track,True
Current,True
Center,True
today,True
YR,True
Neb,True
Ran,True
frA,True
opera,True
lUT,True
cush,True
Wa,True
Js,True
wER,True
CuM,True
pAT,True
BuG,True
nAn,True
pAY,True
rUG,True
al,True
gaz,True
ama,True
KyL,True
yr,True
http,True
shA,True
15,True
xI,True
LEt,True
Used,True
shim,True
UvA,True
Aho,True
isn,True
keyword,True
24,True
creation,True
sla,True
Web,True
lOD,True
StucK,True
Odd,True
zAr,True
82,True
poI,True
rAg,True
She,True
tAt,True
quest,True
TAd,True
FOX,True
ay,True
giM,True
HA,True
subscription,True
uSt,True
maU,True
inbound,True
faN,True
BON,True
neA,True
loY,True
lak,True
massage,True
slate,True
ea,True
Variant,True
BuT,True
vIM,True
bAd,True
iL,True
Lar,True
PuxY,True
Index,True
rOW,True
CyP,True
Fei,True
ta,True
oXy,True
tuB,True
LO,True
aha,True
LuM,True
xbL,True
previous,True
rea,True
opt,True
Daybreak,True
Absorb,True
communication,True
DIs,True
attributes,True
source,True
rAb,True
LI,True
KoR,True
TrOG,True
rAH,True
bEL,True
it,True
dashboard,True
ex,True
sPY,True
84,True
Noy,True
JIG,True
sou,True
AyE,True
Nim,True
voW,True
nYE,True
lied,True
Yip,True
Major,True
AU,True
WOG,True
iI,True
coOm,True
kiT,True
SRC,True
gAg,True
RuX,True
sov,True
theglobeandmail,True
baidu,True
Mostly,True
Olive,True
up,True
HIGH,True
ayE,True
VAG,True
flickr,True
linkedin,True
preview,True
price,True
gUD,True
ToY,True
Taj,True
nET,True
oNCE,True
Era,True
tOi,True
affinity,True
owK,True
conversant,True
yaT,True
Deb,True
bees,True
universe,True
advertising,True
Rag,True
GiG,True
HUG,True
Pac,True
TO,True
Ins,True
TUnG,True
alerts,True
yelp,True
Ar,True
Ka,True
KED,True
typeform,True
en,True
suE,True
Bam,True
boGO,True
KA,True
raX,True
Sell,True
cate,True
analytics,True
Gyn,True
SoU,True
CAb,True
PEND,True
un,True
Marketing,True
cx,True
AAL,True
Anonymous,True
BraG,True
iII,True
tap,True
Dismissed,True
phO,True
PyA,True
bin,True
phi,True
dIg,True
YOI,True
like,True
jag,True
bandit,True
voL,True
bar,True
Con,True
leV,True
ALN,True
spot,True
cOE,True
zax,True
Check,True
tUE,True
YM,True
nytimes,True
KEP,True
Wod,True
cRY,True
policy,True
ENGINE,True
nUL,True
refresh,True
Baseball,True
Canada,True
fliphtml5,True
ii,True
external,True
neT,True
Poe,True
sEX,True
cbc,True
Bin,True
regulation,True
match,True
Envelope,True
List,True
nAP,True
By,True
fOT,True
placement,True
router,True
trip,True
Dun,True
gen,True
given,True
cbsnews,True
industry,True
buS,True
DOR,True
dEV,True
AId,True
dId,True
zip,True
nTH,True
everything,True
False,True
Dir,True
bow,True
sO,True
oh,True
Sov,True
SEA,True
FIt,True
Lo,True
subfolder,True
Ate,True
GetS,True
gig,True
SPoT,True
fetch,True
suggestion,True
FUR,True
sfgate,True
state,True
JAB,True
Teg,True
oCK,True
ba,True
DuX,True
miD,True
HaU,True
Subscriber,True
PIR,True
aga,True
Ye,True
UDO,True
WUd,True
WHy,True
nonce,True
Yat,True
MUM,True
win,True
Website,True
nAA,True
POb,True
YED,True
tHa,True
NOg,True
postal,True
AmY,True
short,True
78,True
hiN,True
wut,True
UPgo,True
get,True
RiO,True
vat,True
TAm,True
FIT,True
anchor,True
gU,True
POW,True
tAj,True
Brand,True
ALL,True
Mi,True
Mir,True
exposure,True
raja,True
push,True
trAP,True
act,True
Fig,True
enable,True
SSU,True
de,True
juD,True
vEe,True
Cub,True
cLX,True
PUg,True
HERn,True
HAg,True
rAx,True
VuM,True
allow,True
Iyo,True
UgH,True
nTh,True
EsS,True
ush,True
deb,True
article,True
AlA,True
2a,True
sOE,True
rewrite,True
FREE,True
SiC,True
worker,True
CRy,True
JoE,True
oRf,True
insider,True
tar,True
Un,True
Cal,True
deY,True
hEI,True
updated,True
mux,True
13,True
spell,True
ped,True
ToA,True
COPY,True
39,True
consent,True
tox,True
include,True
eLb,True
default,True
saving,True
ai,True
vOw,True
NAt,True
JAy,True
ASEm,True
iDe,True
pattern,True
brain,True
erd,True
WAeG,True
nul,True
WusT,True
medium,True
images,True
sAJ,True
ZeD,True
TOw,True
Consent,True
te,True
LonG,True
Cee,True
fELt,True
ers,True
HIS,True
Segol,True
14,True
GAj,True
BAD,True
USt,True
hI,True
ALl,True
mot,True
F9,True
ko,True
87,True
CUt,True
GaR,True
fLu,True
servenobid,True
bUy,True
pOD,True
LAt,True
BAn,True
Expire,True
AKA,True
uR,True
bmsperformance,True
NOb,True
pub,True
watch,True
Mo,True
pac,True
MaO,True
SEY,True
cHi,True
Cc,True
GAr,True
Found,True
ged,True
WAP,True
layer,True
PopS,True
cCc,True
AH,True
prototype,True
YUs,True
Queen,True
on,True
ClAp,True
tuFf,True
Gecko,True
NAy,True
Name,True
imf,True
his,True
funnel,True
kou,True
wuT,True
nobs,True
fAg,True
AVE,True
HeCK,True
Sh,True
paX,True
KiP,True
37,True
riD,True
engadget,True
CONSENT,True
lAw,True
alb,True
homepage,True
stumbleupon,True
SYe,True
FUr,True
rED,True
bAs,True
ALIt,True
require,True
ErE,True
tWA,True
collect,True
yoW,True
HeN,True
97,True
TOy,True
League,True
roche,True
JO,True
popularity,True
ion,True
hAh,True
bO,True
research,True
clipper,True
RIE,True
KiLN,True
alf,True
2k,True
bAy,True
tAg,True
Ja,True
SAc,True
coX,True
SyE,True
100,True
pyal,True
WisE,True
sEel,True
oF,True
PEg,True
after,True
acronym,True
sHY,True
topic,True
CAP,True
Canary,True
Mib,True
waT,True
kELT,True
BE,True
hhs,True
tO,True
aam,True
jam,True
Storage,True
preconsent,True
GRoom,True
open,True
freewheel,True
Encrypt,True
arstechnica,True
orT,True
KO,True
services,True
replace,True
taboo,True
boG,True
Drop,True
ToW,True
em,True
HE,True
userName,True
allaboutcookies,True
naW,True
SOl,True
cURN,True
CE,True
SET,True
nonmobile,True
oM,True
BIZ,True
url,True
HASH,True
sma,True
pIA,True
mId,True
ELM,True
pexels,True
MI,True
bIn,True
OKa,True
lAp,True
range,True
GrA,True
Live,True
cTL,True
Jar,True
Tun,True
GRANT,True
unep,True
RIer,True
goo,True
BUm,True
plus,True
Sync,True
sAG,True
schema,True
mU,True
he,True
taking,True
Track,True
arena,True
quality,True
chaft,True
,True
CA,True
mnGR,True
ACTIVE,True
embed,True
vogue,True
jed,True
tRef,True
Block,True
Repeat,True
Nuance,True
ulu,True
app,True
UnTO,True
Lam,True
LeK,True
DIt,True
booking,True
RuB,True
SmALt,True
ZZ,True
ARC,True
jib,True
ERG,True
SiG,True
kame,True
phU,True
PuD,True
metmuseum,True
sliP,True
handler,True
ERUC,True
Eyn,True
Me,True
KEpt,True
ug,True
BED,True
DUBB,True
Pst,True
cE,True
wAw,True
Cob,True
OnS,True
gUL,True
SUB,True
wept,True
uCkiA,True
smugmug,True
Global,True
manager,True
hip,True
root,True
ANI,True
SLEE,True
cOD,True
new,True
Content,True
Host,True
hOmo,True
Sri,True
ban,True
work,True
identify,True
oBi,True
TOUCH,True
Id,True
NEw,True
foRA,True
rate,True
wert,True
daD,True
yagi,True
Refer,True
territory,True
WWw,True
Conduit,True
Tyg,True
AGa,True
Aer,True
bOT,True
MAck,True
105,True
globo,True
broD,True
lUG,True
aHA,True
hTt,True
breaking,True
sac,True
apE,True
fda,True
nEB,True
TAV,True
performance,True
das,True
yiP,True
Pit,True
Dud,True
Title,True
traffic,True
sye,True
noa,True
partner,True
edge,True
cOo,True
NUn,True
Nt,True
clv,True
TuX,True
redesign,True
GIO,True
pow,True
NAT,True
CAkE,True
law,True
baC,True
AUH,True
mOt,True
irAqI,True
FOG,True
May,True
river,True
queen,True
hORa,True
long,True
MIx,True
ULa,True
Cop,True
rad,True
OrT,True
wIM,True
function,True
uT,True
infrastructure,True
160,True
nEF,True
data,True
pEt,True
Guz,True
landmark,True
brand,True
V5,True
GOS,True
collapsed,True
TeW,True
Landing,True
Cpu,True
mim,True
CL,True
JilT,True
Vei,True
el,True
GIF,True
NiD,True
saC,True
lobal,True
iCO,True
auto,True
urbanara,True
fu,True
Gu,True
vertical,True
ViSA,True
diN,True
issuer,True
rUx,True
Nag,True
activity,True
aY,True
preference,True
HI,True
cover,True
aa,True
BULSe,True
POpS,True
Carolin,True
taE,True
account,True
swaY,True
UnDY,True
jotform,True
org,True
bU,True
WOP,True
els,True
akE,True
POe,True
Ode,True
bbc,True
Same,True
TYT,True
identified,True
Reader,True
author,True
graph,True
oki,True
saA,True
pEn,True
ulA,True
status,True
Control,True
OR,True
bLO,True
cPu,True
variation,True
WaE,True
flu,True
internal,True
toR,True
GLOBAL,True
Test,True
Advertising,True
University,True
milK,True
Aka,True
TaV,True
Sam,True
DoP,True
VEx,True
GoR,True
Homepage,True
stream,True
raD,True
general,True
netflix,True
SoRi,True
without,True
door,True
qualtrics,True
episode,True
sur,True
flat,True
bIg,True
TJi,True
pt,True
bLAw,True
dad,True
dAD,True
and,True
OUt,True
Staff,True
mUM,True
Boo,True
answer,True
jocK,True
DAo,True
OX,True
TRUE,True
quantum,True
sUP,True
aR,True
dUG,True
bIz,True
Shown,True
All,True
unit,True
ce,True
uSeE,True
region,True
pdf,True
lEg,True
Aw,True
GeZ,True
cAB,True
twilight,True
cEe,True
EeR,True
OBE,True
Wit,True
Sag,True
miR,True
reputation,True
GUN,True
TIC,True
nAG,True
sig,True
foB,True
eFt,True
Han,True
ly,True
GenA,True
Jib,True
FAB,True
gUP,True
sax,True
shY,True
mOG,True
Tweak,True
adagio,True
jUT,True
oLm,True
Cookie,True
persistent,True
by,True
nu,True
entrepreneur,True
Pt,True
flare,True
ail,True
sWaY,True
BIZZ,True
cig,True
FEY,True
KiM,True
existing,True
iD,True
permission,True
DEE,True
JUT,True
Boy,True
Ady,True
go,True
Prevention,True
DAMAN,True
BUR,True
seattletimes,True
CorpUs,True
gare,True
Oe,True
wOd,True
sheet,True
54,True
daT,True
dOAt,True
Lip,True
niP,True
eA,True
LeY,True
geZ,True
Us,True
southeast,True
Mode,True
ginK,True
pathway,True
YIRN,True
viewer,True
campaign,True
wAS,True
FOb,True
eH,True
lY,True
pIp,True
trust,True
ark,True
RaH,True
II,True
mAO,True
Welcome,True
QUO,True
Big,True
tI,True
PIX,True
sAt,True
history,True
fast,True
fiX,True
GIE,True
options,True
ted,True
buzz,True
parallels,True
forest,True
PUke,True
Oes,True
hUrT,True
Ant,True
TOt,True
YO,True
invitation,True
Business,True
dRew,True
CRO,True
ber,True
oS,True
croute,True
wEN,True
LiSt,True
lath,True
tableau,True
gram,True
BYe,True
offer,True
BEt,True
stock,True
cUE,True
Functional,True
31,True
first,True
AW,True
ReCap,True
tJI,True
cD,True
fuB,True
cXL,True
algorithm,True
cHE,True
dom,True
URF,True
GIf,True
mid,True
PanelA,True
lEY,True
nick,True
cOe,True
CaW,True
HUt,True
increase,True
chA,True
vaU,True
undefined,True
godaddy,True
PfuI,True
BEGO,True
mOz,True
ap,True
mULl,True
sAA,True
FAe,True
laD,True
gAS,True
direct,True
EYe,True
Or,True
sSu,True
NoG,True
LIM,True
gate,True
arc,True
marketing,True
VEE,True
pSi,True
Prospect,True
NIG,True
Accept,True
span,True
aBy,True
boN,True
iVy,True
dIT,True
aSs,True
dOOl,True
roE,True
canvas,True
f9,True
spiegel,True
wY,True
61,True
ship,True
Top,True
Type,True
rfE,True
ACCESS,True
zone,True
Ut,True
hAG,True
Layer,True
few,True
jP,True
fAcy,True
FlY,True
national,True
buzzfeed,True
WyN,True
wOW,True
asta,True
Hi,True
POem,True
we,True
Fra,True
PIAn,True
webflow,True
newS,True
gem,True
newsweek,True
Koi,True
media,True
lYE,True
reaction,True
1sT,True
AAm,True
aCe,True
Ion,True
Flet,True
hIm,True
52,True
TE,True
hO,True
Nap,True
coW,True
normalize,True
bit,True
healthline,True
supported,True
pop,True
OIl,True
Elb,True
Flag,True
GZ,True
REGION,True
Edh,True
sample,True
loA,True
uSH,True
walt,True
OxYL,True
trA,True
Leu,True
Wut,True
storage,True
gAR,True
monthly,True
material,True
fIn,True
ga,True
OWE,True
experiment,True
gUd,True
It,True
revenue,True
JP,True
iiI,True
Privacy,True
UVA,True
network,True
Neo,True
team,True
jIB,True
aIl,True
vS,True
bay,True
yA,True
owner,True
chicagotribune,True
naIL,True
lam,True
persist,True
guM,True
NAP,True
gE,True
HAs,True
src,True
WAB,True
refUrl,True
Gad,True
UME,True
alt,True
lastRe,True
Cloud,True
rHO,True
ame,True
First,True
cO,True
tAwn,True
sue,True
Aire,True
depth,True
Dropdown,True
social,True
Rug,True
HyP,True
oHO,True
YAM,True
revision,True
matter,True
Hex,True
RIt,True
flaX,True
Pot,True
GyP,True
wat,True
AMe,True
yn,True
commerce,True
FoOL,True
SUE,True
NEE,True
resp,True
TIP,True
Tile,True
eM,True
dug,True
phOO,True
oR,True
pIKY,True
JAP,True
ply,True
DNs,True
free,True
fArl,True
tIL,True
sell,True
thy,True
vaN,True
DoB,True
aH,True
Publish,True
GOB,True
how,True
yon,True
Goa,True
BAE,True
grR,True
So,True
fonts,True
Ula,True
darat,True
our,True
control,True
Priority,True
Allied,True
mA,True
base,True
If,True
YOK,True
Ma,True
Sal,True
goD,True
PIg,True
TeZ,True
urF,True
PUP,True
dress,True
jog,True
origin,True
Pank,True
CxV,True
JOg,True
gRa,True
bat,True
MUsKy,True
awin,True
nEf,True
netlify,True
value,True
tUNU,True
kOU,True
aEs,True
visual,True
2A,True
DiE,True
NoY,True
sUe,True
FoR,True
TANH,True
tIP,True
roe,True
tow,True
Dor,True
GAM,True
PHu,True
TAv,True
DO,True
BlAY,True
TaD,True
beG,True
yIn,True
story,True
jAP,True
11,True
Fi,True
pause,True
migration,True
bal,True
eN,True
ziG,True
orB,True
bind,True
yE,True
TOu,True
BAy,True
kOS,True
Redirect,True
lek,True
GAd,True
DUp,True
operation,True
CeIl,True
gOR,True
eL,True
Go,True
imp,True
Pow,True
DAl,True
Page,True
fUB,True
300,True
wOO,True
caP,True
Eu,True
trIo,True
props,True
AUM,True
stone,True
MUm,True
aRt,True
Mho,True
zoho,True
QUa,True
cAb,True
UGh,True
haw,True
cPU,True
aDE,True
sir,True
dll,True
Re,True
naEL,True
wUR,True
rEim,True
REt,True
fOe,True
coma,True
logged,True
HTML,True
YA,True
DoGs,True
Preset,True
AYah,True
hoT,True
increment,True
PAH,True
9Th,True
shipping,True
studio,True
noON,True
TUnE,True
refer,True
fold,True
threshold,True
hIE,True
Ca,True
Health,True
Cart,True
BO,True
26,True
coe,True
Lax,True
BoB,True
SAiP,True
Optimization,True
pap,True
Social,True
jO,True
Rex,True
GIB,True
curr,True
cUP,True
Tig,True
change,True
exist,True
jug,True
cookies,True
ANONYMOUS,True
puA,True
joe,True
DIS,True
PHi,True
tuBA,True
feed,True
Sea,True
29,True
mON,True
ArK,True
ic,True
fU,True
MgR,True
mo,True
oho,True
nydailynews,True
confirmed,True
closed,True
Yis,True
sub,True
meetup,True
Time,True
BirK,True
cOW,True
bOcE,True
met,True
Start,True
kEy,True
sticky,True
KANa,True
LEK,True
howstuffworks,True
zoom,True
weT,True
LId,True
groups,True
lUsk,True
NuT,True
Naw,True
CXv,True
LiD,True
lAc,True
ci,True
string,True
false,True
Tur,True
crunchbase,True
SH,True
Cloudy,True
dir,True
Ssu,True
73,True
TA,True
ViM,True
Branch,True
yEa,True
MaTy,True
waP,True
constrain,True
smithsonianmag,True
sEc,True
fOE,True
hIp,True
yOi,True
aCE,True
businessinsider,True
Slug,True
div,True
BAt,True
imagery,True
Ups,True
tHe,True
global,True
bod,True
less,True
upO,True
wUD,True
udemy,True
KeY,True
lan,True
unique,True
dLl,True
fae,True
digital,True
woo,True
NiG,True
yABu,True
BuM,True
if,True
Gz,True
bo,True
Ai,True
om,True
ref,True
wiRy,True
HOX,True
Decline,True
NEa,True
GYM,True
89,True
basis,True
date,True
sIn,True
Acquisition,True
odA,True
mode,True
soH,True
has,True
photo,True
gu,True
Wed,True
fire,True
JED,True
CAME,True
POp,True
Cag,True
ZO,True
Hei,True
TOP,True
YaT,True
FUB,True
71,True
iHI,True
IO,True
RAY,True
Cos,True
bEE,True
UtU,True
DESK,True
game,True
eLD,True
GeY,True
mac,True
sat,True
coo,True
FRat,True
bot,True
mOy,True
top,True
vEE,True
SPit,True
dismissed,True
cX,True
pit,True
moY,True
tUx,True
sharer,True
JuD,True
SEe,True
dA,True
NEEr,True
package,True
pAR,True
REH,True
con,True
boAR,True
CopR,True
about,True
snew,True
items,True
SaP,True
map,True
BEEF,True
west,True
Gig,True
permit,True
oAM,True
APA,True
DoS,True
KEf,True
wOp,True
gIG,True
25,True
Hint,True
newsletter,True
XI,True
Elt,True
Li,True
TYg,True
ZiG,True
AGEN,True
Lapsed,True
xP,True
DoWd,True
EAN,True
better,True
coon,True
GenE,True
LA,True
UrA,True
ST,True
Pea,True
niL,True
hill,True
essential,True
Ax,True
GEY,True
fet,True
buR,True
nO,True
hUFf,True
aS,True
Pus,True
mOrG,True
strikingly,True
segment,True
wUSh,True
minify,True
LiT,True
GAl,True
above,True
Tret,True
THo,True
giT,True
ANt,True
Mac,True
gov,True
Number,True
rAJ,True
TOA,True
jERk,True
140,True
techradar,True
PA,True
fIT,True
qUIT,True
fE,True
bu,True
snow,True
mI,True
yAM,True
gz,True
72,True
dAR,True
soT,True
Technology,True
COd,True
GIP,True
BRA,True
county,True
aRM,True
YEW,True
EXE,True
nob,True
GO,True
FEI,True
conversion,True
nt,True
MAo,True
Event,True
AIt,True
tAnA,True
teAL,True
record,True
dNs,True
fe,True
FEw,True
PROD,True
geN,True
fAN,True
Ic,True
contact,True
zOo,True
69,True
aN,True
GI,True
tEc,True
pHoo,True
ivy,True
BiS,True
gelt,True
verify,True
ME,True
wO,True
jimdo,True
LID,True
wA,True
Ga,True
pON,True
huM,True
Site,True
UP,True
Las,True
wE,True
baA,True
FIrm,True
age,True
79,True
salesforce,True
Beach,True
luG,True
jAw,True
lOUr,True
MaIm,True
oukIa,True
PED,True
hAM,True
Huh,True
flag,True
cascade,True
AS,True
Community,True
woG,True
wAV,True
mOg,True
uRd,True
broadband,True
pEA,True
moR,True
heartbeat,True
wav,True
Al,True
bel,True
lAt,True
rit,True
param,True
pEw,True
help,True
exempt,True
No,True
timeout,True
El,True
zAk,True
SessionS,True
category,True
Rudder,True
DAL,True
eRS,True
rAp,True
htt,True
za,True
seg,True
yom,True
Eh,True
nAmE,True
hyp,True
Gali,True
key,True
dHA,True
Nep,True
initiator,True
Yn,True
bInO,True
lID,True
anon,True
MAE,True
IN,True
JAR,True
integration,True
hIn,True
ADE,True
tYe,True
cSs,True
AuH,True
NoUp,True
authorized,True
psi,True
wAkE,True
ting,True
bAp,True
Called,True
74,True
Azo,True
step,True
forward,True
shore,True
SE,True
central,True
surveymonkey,True
ti,True
mAs,True
heCH,True
sUm,True
YELP,True
DiP,True
TOa,True
sorting,True
AcE,True
AN,True
EGo,True
li,True
BUD,True
VS,True
RAyed,True
RET,True
fRaP,True
Het,True
Cit,True
DUO,True
kIn,True
vOg,True
pRO,True
Network,True
SoB,True
yEd,True
security,True
tracker,True
cUe,True
message,True
FaT,True
Ge,True
oX,True
quantity,True
noMa,True
racking,True
oWe,True
welt,True
jIG,True
imG,True
64,True
gOs,True
PT,True
YOE,True
gYN,True
jAy,True
mix,True
nab,True
pol,True
three,True
MEl,True
mouse,True
LY,True
hubpages,True
awd,True
Zag,True
22,True
THE,True
lifehacker,True
AVa,True
th,True
lO,True
yot,True
ha,True
iBa,True
sE,True
kEb,True
Bib,True
tiN,True
dns,True
do,True
OAt,True
rolling,True
GInG,True
rOAD,True
Ii,True
APp,True
FRo,True
consumerreports,True
flyer,True
usatoday,True
il,True
rIB,True
OPT,True
pixabay,True
sIx,True
dAS,True
Fico,True
DUP,True
yaW,True
Ava,True
Els,True
SMA,True
nid,True
BOx,True
leaflet,True
pcmag,True
baE,True
UncO,True
let,True
TUmp,True
pUl,True
COOKIE,True
poster,True
CAD,True
wob,True
optional,True
pir,True
Flu,True
trello,True
invite,True
Nef,True
kaMe,True
for,True
36,True
Oak,True
country,True
neo,True
CI,True
fEy,True
LOma,True
BAg,True
lI,True
downs,True
PRo,True
aLe,True
kED,True
vimeo,True
sIP,True
99,True
AK,True
mIR,True
RebOX,True
nay,True
alias,True
Yo,True
blocker,True
DISABLE,True
boston,True
boX,True
LOADs,True
reservation,True
popups,True
UR,True
cOLA,True
sound,True
vex,True
GOd,True
Ust,True
test,True
DAB,True
moZ,True
FAR,True
hi,True
Vie,True
cOP,True
arrival,True
bUdA,True
sYe,True
COT,True
drop,True
CREATED,True
aMI,True
wede,True
promotion,True
in,True
ulE,True
GuD,True
was,True
IBa,True
prepurchase,True
nT,True
notify,True
pes,True
visit,True
AY,True
kIna,True
My,True
wEd,True
hen,True
YOY,True
AKU,True
HAP,True
sAO,True
pIx,True
tUP,True
HAk,True
search,True
sot,True
LOt,True
COY,True
PoB,True
Class,True
Rule,True
dynamic,True
BaN,True
Is,True
AXAl,True
HIT,True
WEE,True
SQuiT,True
own,True
riB,True
Load,True
pending,True
routing,True
query,True
MAw,True
fin,True
kOp,True
fie,True
Zer,True
AsK,True
umP,True
original,True
kA,True
GnAw,True
bEG,True
mercurynews,True
uke,True
LOy,True
ore,True
core,True
UsH,True
IsN,True
Rix,True
infra,True
SITuS,True
mIse,True
LED,True
Wop,True
DeW,True
zaG,True
Days,True
Advice,True
swA,True
cc,True
PEE,True
token,True
lift,True
HAO,True
NE,True
NUt,True
88,True
yiN,True
GOrb,True
from,True
mE,True
OM,True
pAD,True
guD,True
tertiary,True
slug,True
Identifier,True
update,True
Migration,True
mow,True
pay,True
sOn,True
Template,True
dup,True
ZOo,True
autoload,True
dop,True
KAN,True
pad,True
LAss,True
JoB,True
ALB,True
SAINT,True
active,True
PI,True
roc,True
International,True
85,True
reader,True
re,True
miMP,True
dah,True
CYP,True
filter,True
TEg,True
gNar,True
enterprise,True
EME,True
smart,True
Ey,True
kAY,True
lIjA,True
bEau,True
Path,True
Created,True
vOe,True
weather,True
teG,True
com,True
cAN,True
box,True
53,True
hot,True
individual,True
segmentation,True
toRn,True
Feu,True
is,True
CaTe,True
TSia,True
hootsuite,True
21,True
benda,True
bUba,True
patch,True
125,True
Tug,True
hAk,True
disabled,True
DAK,True
naw,True
cA,True
organic,True
ES,True
dUo,True
BAC,True
Module,True
BlAy,True
nig,True
South,True
SCyE,True
daH,True
salutation,True
bUFf,True
pIE,True
tEZ,True
TaB,True
RhO,True
En,True
lin,True
Pu,True
tripadvisor,True
ak,True
FAT,True
Platforms,True
wireless,True
SAa,True
GIb,True
NET,True
Visite,True
siVa,True
Banner,True
skY,True
FUm,True
Http,True
ZAG,True
jot,True
drat,True
PIk,True
Fag,True
rOw,True
ae,True
ware,True
Count,True
salesloft,True
ca,True
App,True
KoN,True
cnn,True
gAM,True
DaH,True
platform,True
CV,True
AI,True
template,True
chart,True
Jo,True
bOW,True
InK,True
WI,True
buLT,True
Il,True
aLB,True
sa,True
iNs,True
HaH,True
mature,True
gNU,True
bis,True
NAE,True
Express,True
domain,True
tch,True
zdnet,True
AM,True
cud,True
AdE,True
counter,True
rand,True
newyorker,True
WeT,True
weEk,True
order,True
Thy,True
PAn,True
gau,True
sah,True
ria,True
gAY,True
gland,True
ahA,True
success,True
SUIt,True
connection,True
Expiry,True
Visitor,True
scroll,True
vs,True
MATH,True
quad,True
Cod,True
600,True
BODY,True
NOT,True
poX,True
iO,True
83,True
Too,True
heW,True
fAG,True
HomePage,True
gid,True
tU,True
yEt,True
wAX,True
44,True
tag,True
DOB,True
Leader,True
kEt,True
Er,True
gIt,True
43,True
Be,True
grouping,True
item,True
Interaction,True
face,True
vaS,True
shutterstock,True
Ne,True
ticket,True
Coed,True
sHe,True
themortgagereports,True
JAuk,True
Isn,True
Hoop,True
Ak,True
iAO,True
Plan,True
rise,True
citation,True
batch,True
subscriber,True
Aa,True
pin,True
coY,True
SOd,True
allowS,True
Mu,True
moT,True
kIl,True
KIEl,True
Ti,True
BU,True
toFu,True
resolved,True
THa,True
as,True
AIn,True
FOy,True
AcceptOr,True
PaT,True
than,True
score,True
Continent,True
lEt,True
ping,True
Of,True
fOil,True
mart,True
gor,True
tEd,True
hag,True
fractal,True
east,True
Chrome,True
VIre,True
vert,True
REV,True
doGe,True
LaN,True
scape,True
lA,True
NeW,True
accept,True
yEe,True
LAB,True
Nu,True
politico,True
mAS,True
KIn,True
ser,True
DOs,True
MU,True
veri,True
JaUP,True
sAB,True
reference,True
Net,True
URN,True
IHI,True
COM,True
LaX,True
front,True
table,True
necessary,True
pEe,True
BOr,True
jar,True
BAN,True
aPa,True
sit,True
cAAM,True
TI,True
Ea,True
taj,True
OrY,True
Hah,True
ghost,True
PANe,True
Fit,True
of,True
ctrl,True
wIg,True
self,True
Din,True
jOSS,True
cLOD,True
duration,True
wUr,True
Info,True
dIm,True
GIp,True
doubleclick,True
Services,True
wI,True
CEe,True
fUb,True
jo,True
sT,True
US,True
rE,True
bIT,True
daub,True
Wild,True
riO,True
ret,True
chosen,True
access,True
Zee,True
lapsed,True
Journal,True
Fe,True
signer,True
location,True
fee,True
resh,True
Gym,True
nAB,True
sOd,True
dux,True
fErIty,True
OWD,True
66,True
dEy,True
95,True
CUb,True
goI,True
wAy,True
TUnu,True
SuN,True
FaE,True
SOp,True
Up,True
uBi,True
BaM,True
away,True
ONa,True
wWw,True
zeD,True
European,True
ID,True
purpose,True
Why,True
Shop,True
wAY,True
hoe,True
LyS,True
hod,True
Se,True
COt,True
SESSION,True
fiG,True
gAy,True
css,True
bop,True
bYe,True
TIe,True
BRunT,True
Em,True
ZoA,True
SoY,True
fET,True
MAW,True
FeE,True
pUB,True
AWD,True
Per,True
doG,True
uncia,True
syE,True
Abandon,True
egg,True
TART,True
mi,True
FOu,True
stag,True
Ur,True
cue,True
Only,True
language,True
across,True
fOxeR,True
BOo,True
yola,True
Settings,True
ZAX,True
oH,True
sEt,True
MHo,True
prod,True
Article,True
MUx,True
Error,True
aU,True
thaw,True
Xbl,True
section,True
TUX,True
CAAM,True
RAM,True
ya,True
ka,True
28,True
aI,True
cAM,True
AYE,True
JoY,True
Unknown,True
AiL,True
BIb,True
boW,True
Port,True
medicalnewstoday,True
tuI,True
GiD,True
selection,True
Fox,True
autodesk,True
HEt,True
Date,True
city,True
hE,True
NT,True
auction,True
iIi,True
sey,True
gO,True
ToG,True
dIe,True
ravens,True
rex,True
fiver,True
zAd,True
Dak,True
hoX,True
RUm,True
Kon,True
theme,True
aK,True
AIM,True
rux,True
weld,True
CUE,True
75,True
LaG,True
MEDIA,True
LAc,True
uta,True
DUo,True
gID,True
REGISTERED,True
Pob,True
interaction,True
lAg,True
SsU,True
Video,True
Coffee,True
Default,True
nIOg,True
click,True
uS,True
tari,True
Fir,True
phone,True
vEst,True
current,True
plethora,True
IC,True
veRt,True
ye,True
GRR,True
hOnG,True
TAA,True
dIt,True
GAUp,True
affiliate,True
From,True
sNY,True
wa,True
77,True
WAr,True
gEZ,True
coUp,True
aDo,True
ranI,True
SYNC,True
me,True
DeY,True
BoR,True
actual,True
AKO,True
am,True
aT,True
AWa,True
tOE,True
true,True
TAO,True
lIT,True
Wis,True
GId,True
gUe,True
goal,True
waN,True
recap,True
Nit,True
Seg,True
gam,True
Ram,True
gup,True
Austral,True
username,True
inst,True
medlineplus,True
BOw,True
system,True
eAN,True
subject,True
rub,True
dIN,True
GAZ,True
COx,True
eh,True
Ug,True
OH,True
oKI,True
MaR,True
FU,True
leU,True
Za,True
beat,True
find,True
ate,True
nEA,True
DI,True
toW,True
FAm,True
Bookmarked,True
gINg,True
Leg,True
eRd,True
vOG,True
fEd,True
MuN,True
Sob,True
jurisdiction,True
oRF,True
PAw,True
POE,True
SOP,True
egO,True
gI,True
WA,True
developer,True
Yon,True
WO,True
expiry,True
ebb,True
recording,True
bYE,True
obi,True
Sho,True
poB,True
men,True
State,True
soE,True
SuP,True
Origin,True
UTa,True
oreilly,True
JEt,True
scheme,True
Shy,True
down,True
ihg,True
RA,True
element,True
jAB,True
CrOY,True
point,True
giO,True
yEX,True
Compliance,True
redux,True
bAL,True
HIA,True
Um,True
tsT,True
CAID,True
poL,True
Information,True
yobI,True
tRy,True
aW,True
colossus,True
MeT,True
cl,True
fTp,True
iNk,True
POD,True
Nob,True
SORY,True
ode,True
da,True
oat,True
yan,True
uG,True
proxy,True
CLUSTER,True
sib,True
Ah,True
RE,True
IE,True
wYE,True
SA,True
gUy,True
aPp,True
low,True
post,True
Wye,True
role,True
BOY,True
aX,True
Te,True
SaIC,True
sOg,True
Gur,True
COm,True
Trust,True
Known,True
pA,True
Spa,True
need,True
GoO,True
48,True
level,True
usnews,True
field,True
vice,True
PuA,True
AX,True
pages,True
GNU,True
On,True
jaw,True
pU,True
COr,True
bAl,True
2D,True
pic,True
tED,True
AKe,True
ben,True
ZaK,True
last,True
RfE,True
parent,True
borough,True
gA,True
bitnami,True
jp,True
EyN,True
event,True
TIL,True
Salted,True
Hove,True
CEde,True
urn,True
off,True
jIg,True
scribd,True
YoR,True
Loading,True
tCH,True
CoM,True
Hood,True
LAX,True
calendly,True
naK,True
Mon,True
18,True
OS,True
list,True
zAc,True
site,True
fm,True
tOPAZ,True
kep,True
tAT,True
be,True
locality,True
MOHr,True
Via,True
hmoNG,True
news,True
SwoW,True
80,True
sNy,True
Through,True
os,True
market,True
EMAIL,True
mail,True
understanding,True
eRg,True
fired,True
iaO,True
HER,True
discovery,True
Development,True
DuRa,True
khu,True
Ym,True
QUo,True
fLOc,True
Wun,True
Kra,True
fid,True
Alo,True
Office,True
yAS,True
Dove,True
type,True
TaA,True
WIT,True
cookie,True
biN,True
conversation,True
IVa,True
mapquest,True
DEFAULT,True
Activity,True
tablet,True
Lab,True
isba,True
Fey,True
veX,True
canada,True
PIER,True
AvE,True
tIt,True
due,True
ABB,True
TWO,True
bookmarked,True
tEn,True
net,True
plOp,True
yR,True
od,True
Solution,True
EY,True
aM,True
thestar,True
Ko,True
cow,True
WIS,True
tappx,True
wALl,True
tUbbY,True
theverge,True
hOg,True
INbE,True
RIp,True
76,True
WeEze,True
sOv,True
KIl,True
Lap,True
umU,True
Rod,True
FIE,True
PO,True
GIn,True
sidebar,True
AMA,True
outbrain,True
kAPa,True
BYE,True
MASs,True
nable,True
yahoo,True
TH,True
keD,True
PAd,True
SrC,True
HEx,True
Doc,True
implicit,True
URBAN,True
Beg,True
Unload,True
sep,True
Ie,True
MAC,True
premium,True
nbcnews,True
THO,True
zer,True
SHAD,True
lefigaro,True
Slum,True
swiftlocalsolutions,True
pI,True
got,True
eS,True
aw,True
haU,True
175,True
SEa,True
wordpress,True
yOM,True
gED,True
gAD,True
TUA,True
gartner,True
RoAN,True
fub,True
unform,True
responsive,True
Howl,True
wallet,True
HUNH,True
schwa,True
dUX,True
CluB,True
veIn,True
fa,True
Confirm,True
Ope,True
zEl,True
With,True
WiD,True
cond,True
mein,True
sea,True
piNk,True
bey,True
pais,True
Aby,True
appl,True
bid,True
incognito,True
COrd,True
through,True
ked,True
TUB,True
bing,True
ShI,True
version,True
illy,True
SEG,True
fAr,True
wAp,True
TId,True
transparency,True
NI,True
speedtest,True
referrer,True
attribute,True
nAK,True
Flavor,True
Yor,True
DoG,True
path,True
reX,True
COo,True
um,True
turns,True
MoUt,True
bEl,True
MAu,True
AyU,True
Offer,True
GlagA,True
lim,True
Review,True
mOla,True
NYE,True
nuB,True
Tri,True
34,True
Has,True
cAy,True
tue,True
nasa,True
Washing,True
tAu,True
tars,True
ym,True
sER,True
cC,True
In,True
MawK,True
asE,True
CEP,True
provenance,True
gee,True
lAY,True
kona,True
hIc,True
BIN,True
britannica,True
vAg,True
DEW,True
41,True
pus,True
based,True
mag,True
POm,True
aA,True
GOi,True
gIT,True
Ow,True
pEs,True
GuL,True
gAw,True
snUP,True
son,True
lEW,True
URL,True
gAb,True
Service,True
Eer,True
romp,True
PeP,True
eVE,True
Da,True
cAw,True
CRoY,True
authority,True
ten,True
sky,True
ra,True
sex,True
pUD,True
se,True
isN,True
authentication,True
into,True
waV,True
ACt,True
FIn,True
65,True
fix,True
completed,True
constantcontact,True
Language,True
mAe,True
Sa,True
matcher,True
advertisement,True
came,True
Es,True
YeX,True
Xi,True
goT,True
adweek,True
ARA,True
HOx,True
KEB,True
timor,True
vAlE,True
icO,True
Subscribe,True
Ref,True
BOA,True
Th,True
CLEANER,True
Cho,True
WoB,True
PdF,True
aNY,True
accepted,True
blo,True
reg,True
twitter,True
pubmatic,True
browse,True
fig,True
55,True
pOI,True
den,True
bAe,True
OLm,True
DUn,True
bidder,True
floor,True
SINa,True
desk,True
granted,True
BAun,True
anI,True
prep,True
repeat,True
corporate,True
ins,True
service,True
YEo,True
HaP,True
apple,True
Grr,True
view,True
BEg,True
GoT,True
undertone,True
Value,True
SIE,True
SlAD,True
ByE,True
msnbc,True
sHE,True
ZIG,True
UM,True
Out,True
kOP,True
AdZ,True
ax,True
ALand,True
OAM,True
rOT,True
art,True
Tad,True
mIl,True
duE,True
yN,True
dixy,True
Real,True
bag,True
dYe,True
TAy,True
hup,True
lORs,True
joB,True
hIt,True
far,True
Ya,True
pAN,True
NEi,True
bUg,True
98,True
DAD,True
SSu,True
framework,True
hER,True
gamespot,True
Mag,True
conference,True
lIm,True
DaM,True
tour,True
bY,True
don,True
JaM,True
term,True
cad,True
Tue,True
nIm,True
waH,True
dI,True
si,True
luE,True
Regular,True
keP,True
NUN,True
WoANt,True
Bit,True
rum,True
alk,True
tUrp,True
Auto,True
tib,True
bAD,True
FoE,True
RAN,True
PiT,True
tam,True
currency,True
sCan,True
bur,True
Bool,True
dAE,True
tuA,True
haRD,True
WEn,True
NIp,True
before,True
yAp,True
CPU,True
star,True
statistics,True
An,True
16,True
transportation,True
bet,True
ski,True
stripe,True
biT,True
urbanintellectuals,True
Tag,True
HYp,True
SIME,True
rFe,True
product,True
ee,True
tEem,True
ZaR,True
Cond,True
5TH,True
atlassian,True
Soh,True
Wiz,True
quO,True
ado,True
culture,True
note,True
Sey,True
personalization,True
tui,True
WaX,True
oN,True
DE,True
pUG,True
Month,True
wiZ,True
stime,True
DYe,True
modal,True
Browse,True
tube,True
gLen,True
WiNy,True
comment,True
To,True
hoD,True
economist,True
one,True
sIs,True
FUn,True
Sar,True
mUD,True
9X,True
exchange,True
BaA,True
cap,True
heap,True
CEE,True
biz,True
HAh,True
HEp,True
YN,True
ZeE,True
68,True
FOB,True
cI,True
Hip,True
hEi,True
Tu,True
jUD,True
stob,True
dao,True
survey,True
lAP,True
oIi,True
wAg,True
LIn,True
155,True
email,True
View,True
GUe,True
tAN,True
wAN,True
colors,True
oE,True
Wy,True
wHa,True
WY,True
59,True
wired,True
ALto,True
skI,True
Browser,True
zoO,True
DaFF,True
block,True
20th,True
rottentomatoes,True
Fa,True
kor,True
poy,True
bAW,True
high,True
validate,True
home,True
longitude,True
hero,True
gallery,True
Dots,True
poW,True
similar,True
taD,True
kickstarter,True
jOb,True
FAn,True
sort,True
Education,True
23,True
bob,True
ide,True
snap,True
sequence,True
created,True
YEa,True
geM,True
name,True
touch,True
67,True
visitor,True
He,True
ava,True
hopkinsmedicine,True
times,True
HEX,True
yeE,True
Hut,True
di,True
ZIP,True
cIt,True
GA,True
kHar,True
n4,True
AAM,True
High,True
21sT,True
bET,True
Analytics,True
NAK,True
mem,True
www,True
bloomberg,True
Pau,True
accuracy,True
LOOK,True
pLy,True
temperature,True
functional,True
FuT,True
LAtH,True
request,True
GE,True
pUr,True
Enterprise,True
GaS,True
FOE,True
gEN,True
Choice,True
oLM,True
HOy,True
out,True
OBe,True
entitlement,True
9x,True
WaB,True
dialog,True
ilK,True
TUny,True
NO,True
WIn,True
cEE,True
mien,True
bund,True
Partly,True
Ci,True
sessionS,True
Practice,True
ZAR,True
Save,True
wID,True
deadline,True
mailchimp,True
47,True
70,True
pST,True
paC,True
gZ,True
area,True
Ana,True
Research,True
cisco,True
PuP,True
gip,True
paN,True
FiR,True
wide,True
Pop,True
chi,True
etsy,True
audit,True
improvement,True
accordion,True
tA,True
NAB,True
49,True
rite,True
Rab,True
fI,True
Sub,True
Ship,True
GUY,True
mpG,True
partial,True
ring,True
WE,True
NiX,True
vol,True
And,True
46,True
TOG,True
hollywoodreporter,True
hub,True
LEV,True
Update,True
graT,True
agE,True
passport,True
QUIP,True
support,True
zEd,True
NID,True
SURF,True
PaP,True
tWO,True
HoG,True
MoB,True
AE,True
Launch,True
birthday,True
OHo,True
pat,True
aeR,True
mAE,True
min,True
VEt,True
COS,True
PleB,True
27,True
AA,True
bAP,True
plan,True
TIN,True
nAg,True
200,True
identity,True
rUb,True
blocked,True
dIS,True
Kor,True
wy,True
alO,True
TuWI,True
motT,True
Pox,True
dag,True
shop,True
zendesk,True
58,True
OHM,True
ASs,True
Cv,True
aNt,True
cor,True
faY,True
spotify,True
native,True
demographic,True
carte,True
Zip,True
PRODUCT,True
varnish,True
pau,True
views,True
CArd,True
puL,True
wowT,True
OW,True
See,True
Fob,True
Ply,True
VAT,True
pu,True
TOe,True
fallback,True
pEg,True
capable,True
NU,True
WAh,True
Domain,True
Pod,True
WeY,True
toG,True
skin,True
agO,True
zO,True
loa,True
WEB,True
Nak,True
Nul,True
rid,True
12,True
NEf,True
Dogs,True
fEI,True
Medicine,True
Gio,True
40,True
Hop,True
paper,True
ouF,True
maw,True
YE,True
axIL,True
urbandictionary,True
safety,True
gon,True
kEa,True
tamp,True
admi,True
frY,True
tests,True
LARD,True
large,True
jAY,True
BaW,True
HeI,True
BEd,True
JOb,True
land,True
es,True
woe,True
Dod,True
fA,True
TWo,True
fed,True
Tho,True
GOO,True
fiverr,True
ja,True
marO,True
best,True
Repeatable,True
prompt,True
sAj,True
Sye,True
V0,True
SuB,True
Veri,True
tum,True
GOt,True
SOe,True
tcH,True
Wi,True
Jaw,True
to,True
at,True
POY,True
AgA,True
group,True
Secure,True
aniview,True
YOu,True
pinned,True
cot,True
YoW,True
63,True
Ruff,True
set,True
PaD,True
fardH,True
UpS,True
BOG,True
Reh,True
outback,True
wYe,True
GAU,True
kaY,True
TUnA,True
tawa,True
Idea,True
HeX,True
Ho,True
lOG,True
EN,True
GNu,True
MeN,True
place,True
jA,True
YAH,True
mO,True
LyNX,True
galE,True
qEri,True
FaB,True
DATA,True
ey,True
styling,True
statement,True
done,True
amelia,True
id,True
sEw,True
lew,True
yAk,True
IL,True
Ox,True
hEP,True
reuters,True
PU,True
SaY,True
teW,True
nAtR,True
Cur,True
lazy,True
rUe,True
cd,True
BaC,True
57,True
FeZ,True
Rie,True
seekingalpha,True
project,True
cloudflare,True
yOX,True
blur,True
tH,True
dROw,True
la,True
sina,True
TOUT,True
CHA,True
optimize,True
CaT,True
anonymous,True
doE,True
tst,True
wode,True
radius,True
sUM,True
ess,True
Mozilla,True
Darg,True
piNe,True
dyE,True
Hay,True
GOl,True
bOp,True
deB,True
program,True
fun,True
lob,True
size,True
Aft,True
Roi,True
Sign,True
vista,True
feE,True
bes,True
FORM,True
rig,True
ZAD,True
iso,True
WORLD,True
Mux,True
text,True
hA,True
REx,True
form,True
FRA,True
Disabled,True
uRD,True
New,True
nAV,True
amazon-adsystem,True
LOd,True
discord,True
java,True
company,True
HuT,True
rEv,True
RUt,True
oFF,True
AwE,True
via,True
usE,True
naY,True
LYS,True
ging,True
publish,True
LOpe,True
headline,True
capped,True
assemblyexchange,True
sOY,True
Yeo,True
sLY,True
count,True
BIs,True
jUG,True
WIG,True
audience,True
ICE,True
Antivirus,True
whY,True
Hash,True
loP,True
CeE,True
recommendation,True
NOse,True
banner,True
BAch,True
Minute,True
lIss,True
Cd,True
AME,True
TASs,True
wWW,True
Post,True
sON,True
marketwatch,True
delete,True
WuT,True
techcrunch,True
rev,True
rAY,True
title,True
GUrT,True
bAA,True
CXX,True
NaY,True
Employment,True
rHo,True
tE,True
CoO,True
median,True
device,True
taxonomy,True
CLOUD,True
OUT,True
BAp,True
Jog,True
us,True
Lot,True
HEP,True
St,True
POP,True
RhE,True
TRY,True
RiA,True
tile,True
kO,True
print,True
Region,True
DOT,True
int,True
Bucket,True
YOw,True
ER,True
eR,True
venue,True
buB,True
nak,True
sog,True
Foe,True
mOb,True
iDE,True
coR,True
NAg,True
dictionary,True
sTOF,True
choose,True
laN,True
MAp,True
nA,True
loT,True
you,True
iE,True
aRX,True
hbr,True
Device,True
cast,True
AER,True
tOI,True
uGh,True
bAE,True
shuffle,True
ARY,True
DEV,True
raS,True
Ce,True
FOD,True
LiTh,True
Phi,True
quick,True
bIZ,True
server,True
IT,True
gaVe,True
initial,True
gitlab,True
eY,True
Not,True
DOm,True
hoi,True
STY,True
PiR,True
geo,True
WaS,True
fum,True
flex,True
iCh,True
ABy,True
Fud,True
mun,True
pEP,True
Ex,True
googleusercontent,True
browser,True
lab,True
32,True
disable,True
TRy,True
display,True
guE,True
wot,True
kIP,True
FAb,True
wsj,True
hain,True
DaP,True
hist,True
MoG,True
REX,True
woE,True
bick,True
stack,True
gurk,True
cro,True
trait,True
DID,True
fIp,True
emE,True
eLf,True
spread,True
pur,True
DIRECT,True
riA,True
design,True
au,True
SOCIAL,True
bA,True
KOu,True
thehill,True
Aye,True
none,True
fIb,True
moU,True
GEl,True
Dit,True
La,True
snapchat,True
forms,True
crazy,True
cache,True
bub,True
stamp,True
customer,True
PopE,True
property,True
RIG,True
Sib,True
akEE,True
call,True
JaP,True
Aid,True
BOy,True
teA,True
tu,True
CWM,True
GU,True
arn,True
muid,True
an,True
nUl,True
header,True
Nast,True
Jp,True
fresh,True
rUM,True
mIg,True
registrant,True
wiPe,True
aDZ,True
activated,True
providers,True
TOi,True
puT,True
my,True
gEO,True
DAk,True
full,True
mu,True
Proo,True
community,True
rod,True
rOoD,True
zAC,True
PAc,True
FUt,True
aCT,True
HaM,True
gYM,True
YES,True
Awe,True
Vs,True
NONE,True
YeN,True
GYn,True
permissions,True
JiB,True
signature,True
dev,True
dhu,True
Ona,True
vEI,True
woB,True
zeL,True
Home,True
selected,True
Dry,True
SAo,True
edu,True
LEA,True
SeG,True
wuR,True
WIZ,True
Wog,True
Replace,True
consumer,True
EMPTY,True
store,True
SeC,True
Po,True
93,True
seX,True
wUt,True
BeMaD,True
vEi,True
56,True
census,True
pPC,True
public,True
CoP,True
Nar,True
panel,True
pewresearch,True
Hero,True
rIb,True
myspace,True
NIm,True
er,True
CLY,True
DUNg,True
400,True
tot,True
TimeD,True
CHo,True
pIR,True
fuR,True
emerald,True
Party,True
ox,True
bUY,True
GUZ,True
Zo,True
pa,True
achieve,True
fi,True
PpC,True
eME,True
aln,True
Lai,True
hOW,True
Sale,True
method,True
dUN,True
SOum,True
PUl,True
ORGANIC,True
GAVE,True
deE,True
corp,True
pua,True
iNN,True
ANd,True
NOW,True
third,True
Email,True
CLOSE,True
sPor,True
"us""}",True
goL,True
TAE,True
number,True
master,True
Ad,True
basto,True
Organic,True
Version,True
TaI,True
zar,True
We,True
zee,True
Geo,True
dan,True
gyP,True
pCH,True
spy,True
sh,True
